epoch,train_loss,valid_loss,error_rate,accuracy,time
0,1.2674747705459595,0.7074254155158997,0.21624265611171722,0.7837573289871216,01:33
